Deal name masked,Customer Name Code,Serial #,Nature of Work,Last executed month of recurring project,Execution Status,Data Delivery Date,Date of PO/LOI,Document Type,Probable Start Date,Probable End Date,BD/KAM Personnel code,Sector,Type of Work,Is any Skylark software platform part of the client deliverables in this deal?,Last invoice date,latest invoice no.,Amount in Rupees (Excl of GST) (Masked),Amount in Rupees (Incl of GST) (Masked),Billed Value in Rupees (Excl of GST.) (Masked),Billed Value in Rupees (Incl of GST.) (Masked),Collected Amount in Rupees (Incl of GST.) (Masked),Amount to be billed in Rs. (Exl. of GST) (Masked),Amount to be billed in Rs. (Incl. of GST) (Masked),Amount Receivable (Masked),AR Priority account,Quantity by Ops,Quantities as per PO,Quantity billed (till date),Balance in quantity,Invoice Status,Expected Billing Month,Actual Billing Month,Actual Collection Month,WO Status (billed),Collection status,Collection Date,Billing Status,source_row_number,quality_flag
Scooby-Doo,WOCOMPANY_002,SDPLDEAL-075,One time Project,,Completed,2025-09-27,2025-10-29,Purchase Order,2025-05-31,2025-06-03,OWNER_003,Mining,Raw images/videography,NONE,2026-01-14,SDPL/FY25-26/916,264398.08,311989.7344,,0.0,,264398.08,311989.7344,0.0,,,5360 HA,,5360.0,,,,,,,,Update Required,3,
Appa,WOCOMPANY_038,SDPLDEAL-101,Proof of Concept,,Not Started,,2025-07-31,Purchase Order,2025-08-11,2025-08-15,OWNER_002,Powerline,Powerline Inspection,,,,154150.0,181897.0,,0.0,,154150.0,181897.0,0.0,,,4,,4.0,,,,,Open,,,,4,
Sakura,WOCOMPANY_002,SDPLDEAL-002,Monthly Contract,Dec,Executed until current month,2025-12-31,2025-05-16,Purchase Order,2025-05-01,2026-04-30,OWNER_003,Mining,Volumetric survey,NONE,,,2984097.36,3521234.8848,23959.682484,28272.42533112,,2960137.677516,3492962.45946888,28272.42533112,,,3000,,3000.0,,,,,Open,,,Partially Billed,5,
Sakura,WOCOMPANY_002,SDPLDEAL-003,One time Project,,Completed,,2025-05-08,Purchase Order,2025-05-20,2025-05-31,OWNER_003,Mining,Topography Survey: RGB,NONE,2025-09-15,SDPL/FY25-26/449,184980.0,218276.4,184980.0,218276.4,66880.1356,0.0,0.0,151396.2644,,,600,,600.0,Not billed yet,,,,Open,,,,6,
SpongeBob,WOCOMPANY_032,SDPLDEAL-004,One time Project,,Completed,,2025-05-06,LOA/LOI,2025-05-24,2025-06-20,OWNER_003,Powerline,Powerline Inspection,NONE,,,1132250.248,1336055.29264,1215157.54408,1433885.9020144,,-82907.29608,-97830.6093744,1433885.9020144,Priority,,59.33,,59.33,,,,,Open,,,Billed,7,billing_status_typo_corrected
Edward Elric,WOCOMPANY_008,SDPLDEAL-005,One time Project,,Completed,,2025-05-16,Purchase Order,2025-05-20,2025-05-31,OWNER_003,Renewables,Hydrology,NONE,2025-07-18,SDPL/FY25-26/359,135652.0,160069.36,135652.0,160069.36,160069.36,0.0,0.0,0.0,,,1,1.0,0.0,Fully Billed,,,,Closed,,,,8,
Pumbaa,WOCOMPANY_047,SDPLDEAL-001,Annual Rate Contract,June,Ongoing,,2025-05-15,Purchase Order,2025-05-19,2025-11-19,OWNER_005,Renewables,Others,SPECTRA,2025-09-06,SDPL/FY25-26/431,3995568.0,4714770.24,3662604.0,4321872.72,1405108.08,332964.0,392897.52,2916764.64,,,12,2.0,10.0,Partially Billed,,,,Open,,,,9,
Sakura,WOCOMPANY_002,SDPLDEAL-006,Monthly Contract,November,Executed until current month,,2025-05-21,Purchase Order,2025-05-01,2026-04-30,OWNER_003,Mining,Topography Survey: RGB,NONE,2025-06-16,SDPL/FY25-26/064,727588.0,858553.84,151417.191804,178672.28632872,178672.182,576170.808196,679881.55367128,0.10432872,,,1600,,1600.0,Partially Billed,,,,Open,,,,10,
Sakura,WOCOMPANY_002,SDPLDEAL-007,Monthly Contract,Dec,Executed until current month,,2025-05-22,Purchase Order,2025-05-20,2026-04-30,OWNER_003,Mining,Topography Survey: RGB,NONE,2025-09-06,SDPL/FY25-26/435,2293752.0,2706627.36,1742808.443572,2056513.96341496,1225606.681988,550943.556428,650113.39658504,830907.28142696,,,4800,,4800.0,Partially Billed,,,,Open,,,,11,
Alias_160,WOCOMPANY_051,SDPLDEAL-008,One time Project,,Completed,2025-05-28,2025-04-10,Purchase Order,2025-04-20,2025-05-31,OWNER_001,Mining,Topography Survey: RGB,NONE,2025-07-23,SDPL/FY25-26/365,126649.64,149446.5752,81360.37,96005.2366,,45289.27,53441.3386,96005.2366,,447.170583,460,,460.0,Fully Billed,,July,,Closed,,,,12,
Alias_160,WOCOMPANY_051,SDPLDEAL-009,One time Project,,Completed,2025-05-30,2025-04-10,Purchase Order,2025-04-15,2025-05-31,OWNER_001,Mining,Topography Survey: RGB,NONE,2025-08-06,SDPL/FY25-26/385,1198053.8,1413703.484,680159.917248,802588.70235264,397840.851528,517893.882752,611114.78164736,404747.85082464,,2424.42,2500,,2500.0,Fully Billed,,August,,Closed,,,,13,
Alias_160,WOCOMPANY_051,SDPLDEAL-010,One time Project,,Completed,2025-06-10,2025-04-10,Purchase Order,2025-04-14,2025-05-31,OWNER_001,Mining,Topography Survey: RGB,NONE,2025-06-27,SDPL/FY25-26/096,112652.82,132930.3276,112652.82,132930.3276,,0.0,0.0,132930.3276,,629.83,630,,630.0,Fully Billed,,June,,Closed,,,,14,
Alias_160,WOCOMPANY_051,SDPLDEAL-011,One time Project,,Completed,2025-05-20,2025-04-10,Purchase Order,2025-04-10,2025-05-31,OWNER_001,Mining,Topography Survey: RGB,NONE,2025-08-06,SDPL/FY25-26/382,643730.4,759601.872,593662.48,700521.7264,641154.92346,50067.92,59080.1456,59366.80294,,3319.81,3600,,3600.0,Fully Billed,,August,,Closed,,,,15,
Alias_160,WOCOMPANY_051,SDPLDEAL-012,One time Project,,Completed,2025-06-17,2025-04-10,Purchase Order,2025-04-14,2025-06-16,OWNER_001,Mining,Topography Survey: RGB,NONE,2025-07-23,SDPL/FY25-26/366,770750.0,909485.0,380158.564,448587.10552,371722.896396,390591.436,460897.89448,76864.2091239999,,2125.654959,2500,,2500.0,Fully Billed,,July,,Closed,,,,16,
Alias_160,WOCOMPANY_051,SDPLDEAL-013,One time Project,,Completed,2025-05-13,2025-04-10,Purchase Order,2025-04-15,2025-05-31,OWNER_001,Mining,Topography Survey: RGB,NONE,2025-08-06,SDPL/FY25-26/383,214576.8,253200.624,172555.51,203615.5018,186359.876808,42021.29,49585.1222,17255.624992,,964.831248,1200,,1200.0,Fully Billed,,August,,Closed,,,,17,
Alias_160,WOCOMPANY_051,SDPLDEAL-014,One time Project,,Completed,2025-05-30,2025-04-10,Purchase Order,2025-04-09,2025-06-20,OWNER_001,Mining,Topography Survey: RGB,NONE,2025-09-24,SDPL/FY25-26/475,250339.6,295400.728,177469.31872,209413.7960896,191666.4104,72870.28128,85986.9319104,17747.3856896,,922.484,1400,,1400.0,Fully Billed,,September,,Closed,,,,18,
Alias_160,WOCOMPANY_051,SDPLDEAL-015,One time Project,,Completed,2025-05-03,2025-04-10,Purchase Order,2025-04-22,2025-06-20,OWNER_001,Mining,Topography Survey: RGB,NONE,2025-08-06,SDPL/FY25-26/384,109791.796,129554.31928,109791.796,129554.31928,118573.90648,0.0,0.0,10980.4128,,613.57,614,,614.0,Fully Billed,,August,,Closed,,,,19,
Alias_160,WOCOMPANY_051,SDPLDEAL-016,One time Project,,Completed,2025-05-06,2025-04-10,Purchase Order,2025-04-25,2025-06-13,OWNER_001,Mining,Topography Survey: RGB,NONE,2025-09-08,SDPL/FY25-26/437,210799.5084,248743.419912,210799.5084,248743.419912,189719.471236,0.0,0.0,59023.948676,Priority,1213.9,1178.88,,1178.88,Fully Billed,,September,,Closed,,,,20,
Alias_160,WOCOMPANY_051,SDPLDEAL-017,One time Project,,Completed,2025-05-13,2025-04-10,Purchase Order,2025-04-25,2025-05-31,OWNER_001,Mining,Topography Survey: RGB,NONE,2025-07-10,SDPL/FY25-26/133,62584.9,73850.182,62584.9,73850.182,67591.913976,0.0,0.0,6258.268024,,348.2,350,,350.0,Fully Billed,,July,,Closed,,,,21,
Alias_160,WOCOMPANY_051,SDPLDEAL-018,One time Project,,Completed,2025-05-06,2025-04-10,Purchase Order,2025-04-28,2025-05-31,OWNER_001,Mining,Topography Survey: RGB,NONE,2025-06-29,SDPL/FY25-26/099,260360.5832,307225.488176,260353.184,307216.75712,281181.833344,7.3992,8.731056,26034.923776,,1437.2,1456,,1456.0,Fully Billed,,July,,Closed,,,,22,
Alias_160,WOCOMPANY_051,SDPLDEAL-019,One time Project,,Completed,2025-06-14,2025-04-10,Purchase Order,2025-05-01,2025-05-30,OWNER_001,Mining,Topography Survey: RGB,NONE,2025-06-27,SDPL/FY25-26/110,157535.134,185891.45812,157399.23536,185731.0977248,185891.3348,135.89864,160.3603952,-160.2370752,,880.27,881,,881.0,Fully Billed,,July,,Closed,,,,23,negative_amount_receivable
Alias_160,WOCOMPANY_051,SDPLDEAL-020,One time Project,,Completed,2025-06-03,2025-04-10,Purchase Order,2025-05-02,2025-05-30,OWNER_001,Mining,Topography Survey: RGB,NONE,2025-07-19,SDPL/FY25-26/360,227987.85,269025.663,215828.498,254677.62764,233094.383216,12159.352,14348.03536,21583.244424,,1206.67,1275,1207.0,68.0,Fully Billed,,July,,Closed,,,,24,
Mojo Jojo,WOCOMPANY_036,SDPLDEAL-021,One time Project,,Completed,2025-06-24,2025-04-10,Purchase Order,2025-05-01,2025-05-31,OWNER_001,Mining,Topography Survey: RGB,NONE,2025-08-08,SDPL/FY25-26/399,151275.4108,178504.984744,125206.796,147744.01928,147743.526,26068.6148,30760.965464,0.49328,,383.54,446.07,,446.07,Fully Billed,,August,,Closed,,,,25,
Mojo Jojo,WOCOMPANY_036,SDPLDEAL-022,One time Project,,Completed,2025-05-07,2025-04-10,Purchase Order,2025-05-01,2025-05-31,OWNER_001,Mining,Topography Survey: RGB,NONE,2025-08-05,SDPL/FY25-26/143,1164911.55,1374595.629,1138011.7584,1342853.874912,1342853.6776,26899.7916,31741.754088,0.19731199987668,,3352.936219,3435,,3435.0,Fully Billed,,August,,Closed,,,,26,
Mojo Jojo,WOCOMPANY_036,SDPLDEAL-024,One time Project,,Completed,2025-06-07,2025-04-10,Purchase Order,2025-05-01,2025-05-31,OWNER_001,Mining,Topography Survey: RGB,NONE,2025-08-06,SDPL/FY25-26/389,371860.3612,438795.226216,365246.7096,430991.117328,430990.772032,6613.6516,7804.108888,0.345296,,,662.27,,662.27,Fully Billed,,August,,Closed,,,,27,
Mojo Jojo,WOCOMPANY_036,SDPLDEAL-023,One time Project,,Completed,2025-06-24,2025-04-10,Purchase Order,2025-05-01,2025-05-31,OWNER_001,Mining,Topography Survey: RGB,NONE,2025-08-07,SDPL/FY25-26/394,440190.74,519425.0732,396450.3692,467811.435656,467810.7204,43740.3708,51613.637544,0.715256,,1073.63,1180,,1180.0,Fully Billed,,September,,Closed,,,,28,
Alias_160,WOCOMPANY_051,SDPLDEAL-025,One time Project,,Completed,2025-07-10,2025-04-10,Purchase Order,2025-05-07,2025-06-15,OWNER_001,Mining,Topography Survey: RGB,NONE,2025-07-25,SDPL/FY25-26/371,170274.09,200923.4262,170274.09,200923.4262,,0.0,0.0,200923.4262,,952.24,952.24,,952.24,Fully Billed,,July,,Closed,,,,29,
Tanjiro,WOCOMPANY_005,SDPLDEAL-026,One time Project,,Completed,2025-06-11,2025-04-10,Purchase Order,2025-05-01,2025-05-30,OWNER_001,Mining,Topography Survey: RGB,NONE,2025-08-07,SDPL/FY25-26/395,183130.2,216093.636,179510.758,211822.69444,17951.6924,3619.442,4270.94156,193871.00204,,808.664192,825,,825.0,Fully Billed,,July,,Closed,,,,30,
Tanjiro,WOCOMPANY_005,SDPLDEAL-027,One time Project,,Completed,2025-06-16,2025-04-10,Purchase Order,2025-05-01,2025-05-30,OWNER_001,Mining,Topography Survey: RGB,NONE,2025-08-08,SDPL/FY25-26/398,937848.6,1106661.348,937848.6,1106661.348,,0.0,0.0,1106661.348,,4178.438199,4225,,4225.0,Fully Billed,,August,,Closed,,,,31,
Tanjiro,WOCOMPANY_005,SDPLDEAL-028,One time Project,,Completed,2025-06-16,2025-04-10,Purchase Order,2025-05-01,2025-05-30,OWNER_001,Mining,Topography Survey: RGB,NONE,2025-08-07,SDPL/FY25-26/396,355161.6,419090.688,336437.9244,396996.750792,,18723.6756,22093.937208,396996.750792,,1505.64583,1600,,1600.0,Fully Billed,,August,,Closed,,,,32,
Tanjiro,WOCOMPANY_005,SDPLDEAL-029,One time Project,,Completed,2025-06-13,2025-04-10,Purchase Order,2025-05-01,2025-05-30,OWNER_001,Mining,Topography Survey: RGB,NONE,2025-08-06,SDPL/FY25-26/392,358830.86328,423420.4186704,358830.37,423419.8366,,0.49328,0.5820704,423419.8366,,1626.320549,1616.53,,1616.53,Fully Billed,,August,,Closed,,,,33,
Armin,WOCOMPANY_020,SDPLDEAL-030,One time Project,,Completed,2025-05-09,2025-04-10,Purchase Order,2025-04-15,2025-05-30,OWNER_001,Mining,Topography Survey: RGB,NONE,2025-06-24,SDPL/FY25-26/084,135488.711988,159876.68014584,135489.2176,159877.276768,159876.9808,-0.505612,-0.59662216,0.295968,,396.22,406,,406.0,Fully Billed,,June,,Closed,,,,34,
Armin,WOCOMPANY_020,SDPLDEAL-031,One time Project,,Completed,2025-05-09,2025-04-10,Purchase Order,2025-04-15,2025-05-30,OWNER_001,Mining,Topography Survey: RGB,NONE,2025-06-24,SDPL/FY25-26/086,236813.8624,279440.357632,236813.8624,279440.357632,4737.9544,0.0,0.0,274702.403232,,705.02,711.23,,711.23,Fully Billed,,June,,Closed,,,,35,
Armin,WOCOMPANY_020,SDPLDEAL-032,One time Project,,Completed,2025-05-09,2025-04-10,Purchase Order,2025-04-15,2025-05-30,OWNER_001,Mining,Topography Survey: RGB,NONE,2025-06-24,SDPL/FY25-26/085,382095.9212,450873.187016,382095.9212,450873.187016,450873.9516,0.0,0.0,-0.764584,,1144.13,1147.56,,1147.56,Fully Billed,,June,,Closed,,,,36,negative_amount_receivable
Jessie,WOCOMPANY_043,SDPLDEAL-033,Annual Rate Contract,June,Completed,2025-06-15,2025-04-10,Purchase Order,2025-04-21,2025-05-31,OWNER_001,Mining,Topography Survey: RGB,NONE,2025-08-21,SDPL/FY25-26/418,755939.268,892008.33624,545913.71592,644178.1847856,383312.436004,210025.55208,247830.1514544,260865.7487816,Priority,6539.578,5838,,5838.0,Partially Billed,,August,,Closed,,,,37,
Naruto,WOCOMPANY_001,SDPLDEAL-034,One time Project,,Completed,,2025-05-27,Purchase Order,2025-05-27,2025-06-30,OWNER_003,Renewables,Hydrology,NONE,2025-09-16,SDPL/FY25-26/455,308300.0,363794.0,308300.0,363794.0,120853.6,0.0,0.0,242940.4,Priority,,1,,1.0,Fully Billed,,,,Closed,,,,38,
Inosuke,WOCOMPANY_045,SDPLDEAL-035,Proof of Concept,,Ongoing,,2025-05-13,LOA/LOI,2025-06-01,2025-06-30,OWNER_003,Railways,Road/rail survey,NONE,,,1.2332,1.455176,,0.0,,1.2332,1.455176,0.0,,,1,,1.0,,,,,Open,,,Not Billable,39,
Alias_162,WOCOMPANY_052,SDPLDEAL-037,Annual Rate Contract,Dec,Completed,2025-06-18,2025-04-25,Purchase Order,2025-06-04,2025-06-30,OWNER_001,Mining,Topography Survey: RGB,NONE,,,2250751.5492,2655886.828056,2158261.91916,2546749.0646088,,92489.63004,109137.7634472,2546749.0646088,Priority,,300,,300.0,Partially Billed,,July,,Open,,,,40,
Alias_162,WOCOMPANY_052,SDPLDEAL-038,One time Project,,Completed,2025-06-22,2025-04-10,Purchase Order,2025-06-12,2025-06-30,OWNER_001,Mining,Topography Survey: RGB,NONE,2025-08-01,SDPL/FY25-26/372,476015.2,561697.936,476382.6936,562131.578448,562132.0224,-367.4936,-433.642448,-0.443952,,,643,,643.0,Fully Billed,,July,,Closed,,,,41,negative_amount_receivable
Alphonse,WOCOMPANY_009,SDPLDEAL-040,One time Project,,Completed,2025-09-23,2025-06-11,Purchase Order,2025-06-16,2025-07-04,OWNER_001,Renewables,Topography Survey: RGB,NONE,,,1426208.132,1682925.59576,,0.0,,1426208.132,1682925.59576,0.0,,,2057 Acr,,2057.0,Not billed yet,,,,Open,,,,42,
Alphonse,WOCOMPANY_009,SDPLDEAL-041,One time Project,,Completed,2025-06-11,2025-06-11,Purchase Order,2025-06-02,2025-06-13,OWNER_001,Renewables,"Hydrology, Topography Survey: RGB",NONE,2025-06-17,SDPL/FY25-26/068,443952.0,523863.36,443952.0,523863.36,523863.36,0.0,0.0,0.0,,,1,1.0,0.0,Fully Billed,,June,,Closed,,,,43,
Alphonse,WOCOMPANY_009,SDPLDEAL-042,One time Project,,Completed,,2025-06-11,Purchase Order,2025-06-02,2025-06-11,OWNER_001,Renewables,"Topography Survey: RGB, Hydrology",NONE,2025-06-17,SDPL/FY25-26/069,881738.0,1040450.84,881738.0,1040450.84,895103.4216,0.0,0.0,145347.4184,,,1,1.0,0.0,Fully Billed,,September,,Closed,,,,44,
Erwin,WOCOMPANY_021,SDPLDEAL-043,One time Project,,Completed,2025-06-15,2025-04-10,Purchase Order,2025-06-16,2025-06-23,OWNER_001,Mining,Topography Survey: RGB,NONE,2025-09-16,SDPL/FY25-26/453,16648.2,19644.876,16648.2,19644.876,,0.0,0.0,19644.876,,,50 HA,,50.0,Fully Billed,,September,,Closed,,,,45,
Tanjiro,WOCOMPANY_005,SDPLDEAL-044,One time Project,,Completed,2025-07-02,2025-04-10,LOA/LOI,2025-06-14,2025-06-23,OWNER_001,Mining,Topography Survey: RGB,NONE,2025-08-20,SDPL/FY25-26/407,12774.7188,15074.168184,12774.7188,15074.168184,15074.6368,0.0,0.0,-0.468616,,,57.55 HA,,57.55,Fully Billed,,August,,Closed,,,,46,negative_amount_receivable
Tanjiro,WOCOMPANY_051,SDPLDEAL-046,One time Project,,Completed,2025-05-05,2025-04-10,Purchase Order,2025-05-22,2025-06-22,OWNER_001,Mining,Topography Survey: RGB,NONE,2025-07-25,SDPL/FY25-26/369,390952.7636,461324.261048,390887.404,461247.13672,461247.63,65.3596,77.124328,-0.49328,,2246.97,2186.54 HA,,2186.54,Fully Billed,,July,,Closed,,,,47,negative_amount_receivable
Tanjiro,WOCOMPANY_051,SDPLDEAL-047,One time Project,,Completed,2025-05-26,2025-04-10,Purchase Order,2025-05-15,2025-06-16,OWNER_001,Mining,Topography Survey: RGB,NONE,2025-07-02,SDPL/FY25-26/115,476539.31,562316.3858,469116.74086,553557.7542148,506645.902548,7422.56914,8758.6315852,46911.8516668,,1993.1968,2665 HA,2623.49,41.51,Fully Billed,,July,,Closed,,,,48,
Tanjiro,WOCOMPANY_051,SDPLDEAL-048,One time Project,,Completed,2025-05-13,2025-04-10,Purchase Order,2025-04-14,2025-06-30,OWNER_001,Mining,Topography Survey: RGB,NONE,2025-06-27,SDPL/FY25-26/097,145842.48654,172094.1341172,145842.48654,172094.1341172,157509.754744,0.0,0.0,14584.3793732,,815.61,815.6 HA,815.61,-0.01,Fully Billed,,July,,Closed,,,,49,
Tanjiro,WOCOMPANY_051,SDPLDEAL-049,One time Project,,Completed,2025-06-10,2025-04-10,Purchase Order,2025-04-21,2025-07-21,OWNER_001,Mining,Topography Survey: RGB,NONE,2025-07-22,SDPL/FY25-26/363,707388.184,834718.05712,707388.184,834718.05712,763979.732,0.0,0.0,70738.32512,,3961.22,3956HA,3956.0,0.0,Fully Billed,,September,,Closed,,,,50,
Timon,WOCOMPANY_046,SDPLDEAL-050,Proof of Concept,,Completed,,2025-06-20,Email Confirmation,2025-06-23,2025-08-10,OWNER_001,Renewables,"Videography for construction monitoring, Topography Survey: RGB",NONE,,,1.2332,1.455176,,0.0,,1.2332,1.455176,0.0,,,2 location,,2.0,,,,,Open,,,,51,
Alphonse,WOCOMPANY_009,SDPLDEAL-051,One time Project,,Completed,,2025-06-17,Purchase Order,2025-01-01,2025-06-20,OWNER_005,Renewables,Others,SPECTRA,2025-06-20,SDPL/FY25-26/080,2466400.0,2910352.0,2466400.0,2910352.0,2910352.0,0.0,0.0,0.0,,,1,1.0,0.0,Fully Billed,,,,Closed,,,,52,
Mr. Krabs,WOCOMPANY_031,SDPLDEAL-053,Monthly Contract,May,Executed until current month,,2025-01-21,Purchase Order,2025-05-15,2025-05-19,OWNER_004,Mining,LiDAR Survey: LiDAR,SPECTRA,2025-06-20,SDPL/FY25-26/083,184980.0,218276.4,184980.0,218276.4,,0.0,0.0,218276.4,,,7 mines,1.0,6.0,Fully Billed,,,,Closed,,,,53,
Mojo Jojo,WOCOMPANY_036,SDPLDEAL-054,One time Project,,Completed,2025-01-23,2025-05-14,Purchase Order,2025-06-04,2025-06-11,OWNER_001,Mining,Topography Survey: RGB,NONE,2025-07-31,SDPL/FY25-26/377,65976.2,77851.916,65967.5676,77841.729768,77841.729768,8.6324,10.186232,0.0,,,194.52 Ha,,194.52,Fully Billed,,July,,Closed,,,,54,
Asuna,WOCOMPANY_018,SDPLDEAL-055,Monthly Contract,May,Executed until current month,,2023-04-11,Purchase Order,,,OWNER_001,Mining,Videography for construction monitoring,NONE,2025-03-31,SDPL/FY24-25/565,1775808.0,2095453.44,369960.0,436552.8,224434.038904,1405848.0,1658900.64,212118.761096,,,24 Months,,24.0,Partially Billed,,,,Open,,,,55,
Sakura,WOCOMPANY_002,SDPLDEAL-056,One time Project,,Completed,,2025-02-28,Purchase Order,2025-05-08,,OWNER_008,Mining,Raw images/videography,NONE,,,30830.0,36379.4,30830.0,36379.4,,0.0,0.0,36379.4,,,73 Ha,,73.0,Fully Billed,,,,Closed,,,,56,
Asuna,WOCOMPANY_018,SDPLDEAL-057,Monthly Contract,May,Executed until current month,,2024-07-12,Purchase Order,,,OWNER_001,Mining,Videography for construction monitoring,NONE,2025-03-31,SDPL/FY24-25/566,665928.0,785795.04,110988.0,130965.84,81392.4332,554940.0,654829.2,49573.4068,,,18 Months,,18.0,Partially Billed,,,,Open,,,,57,
Gohan,WOCOMPANY_026,SDPLDEAL-058,One time Project,,Completed,,2025-03-28,Purchase Order,,,OWNER_001,Construction,"Topography Survey: RGB, Hydrology",DMO,2025-07-18,SDPL/FY25-26/358,1514246.28,1786810.6104,1514246.28,1786810.6104,1635385.9824,0.0,0.0,151424.628,,,1,1.0,0.0,Fully Billed,,August,,Closed,,,,58,
Powerpuff Girls,WOCOMPANY_039,SDPLDEAL-060,Monthly Contract,Dec,Executed until current month,,2025-01-23,Purchase Order,,,OWNER_001,Mining,LiDAR Survey: LiDAR,NONE,2025-06-16,SDPL/FY25-26/412,3877242.46,4575146.1028,2684244.78,3167408.8404,2141430.8356,1192997.68,1407737.2624,1025978.0048,,,13,7.0,6.0,Billed- Visit 7,,,,Open,,,,59,
Rafiki,WOCOMPANY_048,SDPLDEAL-061,Monthly Contract,June,Executed until current month,,2022-09-29,Purchase Order,,,OWNER_003,Mining,"Topography Survey: RGB, Videography for construction monitoring",NONE,,,2757435.2,3253773.536,,0.0,,2757435.2,3253773.536,0.0,,,5000 HA,,5000.0,Fully Billed,,,,Open,,,,60,
Bulbasaur,WOCOMPANY_050,SDPLDEAL-062,Annual Rate Contract,March,Executed until current month,,2025-03-25,Purchase Order,2025-02-05,2025-06-20,OWNER_004,Others,Others,SPECTRA + DMO,,,158699.385788,187265.27522984,,0.0,,158699.385788,187265.27522984,0.0,,,98000 Acres,,98000.0,,,,,Open,,,,61,
Alias_160,WOCOMPANY_051,SDPLDEAL-063,Annual Rate Contract,May,Executed until current month,,2025-04-01,LOA/LOI,2025-04-01,2026-04-01,OWNER_001,Mining,Mine survey,NONE,,,1.2332,1.455176,,0.0,,1.2332,1.455176,0.0,,49.494,,,,,,,,Open,,,,62,
Shanks,WOCOMPANY_012,SDPLDEAL-065,One time Project,,Completed,,2025-04-12,Purchase Order,2025-04-10,2025-04-16,OWNER_004,Renewables,"Solar Inspection, Thermography",SPECTRA,2025-06-24,SDPL/FY25-26/088,24664.0,29103.52,24664.0,29103.52,2467.6332,0.0,0.0,26635.8868,Priority,,40MW,,40.0,Fully Billed,,,,Closed,,,,63,
Subaru,WOCOMPANY_019,SDPLDEAL-066,One time Project,,Completed,,2025-04-10,Purchase Order,2025-05-01,2025-06-10,OWNER_001,Mining,Topography Survey: RGB,NONE,2025-06-27,SDPL/FY25-26/095,81555.27726,96235.2271668,81555.27726,96235.2271668,96235.2284,0.0,0.0,-0.0012332,,456.137,456.090 HA,456.09,0.0,Fully Billed,,July,,Closed,,,,64,negative_amount_receivable
Frieza,WOCOMPANY_022,SDPLDEAL-067,One time Project,,Completed,,2025-04-10,Purchase Order,2025-05-01,2025-06-16,OWNER_001,Mining,Topography Survey: RGB,NONE,2025-08-06,SDPL/FY25-26/386,125169.8,147700.364,116542.0245,137519.58891,20977.47192,8627.7755,10180.77509,116542.11699,,467.87,700 HA,651.75,48.25,Fully Billed,,July,,Closed,,,,65,
Subaru,WOCOMPANY_019,SDPLDEAL-068,One time Project,,Completed,,2025-04-10,Purchase Order,2025-05-01,2025-06-16,OWNER_001,Mining,Topography Survey: RGB,NONE,2025-07-21,SDPL/FY25-26/361,61690.83,72795.1794,61690.83,72795.1794,72795.796,0.0,0.0,-0.6166,,353.851,345 HA,345.0,0.0,Fully Billed,,July,,Closed,,,,66,negative_amount_receivable
Subaru,WOCOMPANY_019,SDPLDEAL-069,One time Project,,Completed,,2025-04-10,Purchase Order,2025-05-01,2025-06-16,OWNER_001,Mining,Topography Survey: RGB,NONE,2025-11-03,SDPL/FY25-26/528,144622.2968,170654.310224,144622.2968,170654.310224,,0.0,0.0,170654.310224,,918.667,808.790 HA,,808.79,Fully Billed,,November,,Closed,,,,67,
Subaru,WOCOMPANY_019,SDPLDEAL-070,One time Project,,Completed,,2025-04-10,Purchase Order,2025-05-01,2025-06-17,OWNER_001,Mining,Topography Survey: RGB,NONE,2025-07-28,SDPL/FY25-26/375,80098.8064,94516.591552,80098.8064,94516.591552,73807.6366,0.0,0.0,20708.954952,,447.929,447.950 HA,447.95,0.0,Fully Billed,,July,,Closed,,,,68,
Subaru,WOCOMPANY_019,SDPLDEAL-071,One time Project,,Completed,,2025-04-10,Purchase Order,2025-05-01,2025-06-17,OWNER_001,Mining,Topography Survey: RGB,NONE,2025-07-28,SDPL/FY25-26/376,94747.9892,111802.627256,94747.9892,111802.627256,92852.5608,0.0,0.0,18950.066456,,529.845,529.870 HA,529.87,0.0,Fully Billed,,July,,Closed,,,,69,
Subaru,WOCOMPANY_019,SDPLDEAL-072,One time Project,,Completed,,2025-04-10,Purchase Order,2025-05-01,2025-06-17,OWNER_001,Mining,Topography Survey: RGB,NONE,2025-07-28,SDPL/FY25-26/374,234398.0236,276589.667848,234398.0236,276589.667848,,0.0,0.0,276589.667848,,1310.802,"1,310.850",1310.85,-1309.85,Fully Billed,,July,,Closed,,,,70,
Tanjiro,WOCOMPANY_051,SDPLDEAL-073,One time Project,,Completed,,2025-04-28,Purchase Order,2025-05-15,2025-06-15,OWNER_001,Mining,Others,NONE,2025-06-30,SDPL/FY25-26/103,321865.2,379800.936,166482.0,196448.76,196448.76,155383.2,183352.176,0.0,,,145 pillars,75.0,70.0,Fully Billed,,July,,Closed,,,,71,
Frieza,WOCOMPANY_022,SDPLDEAL-074,One time Project,,Completed,,2025-04-10,Purchase Order,2025-05-01,2025-06-16,OWNER_001,Mining,Topography Survey: RGB,NONE,2025-06-30,SDPL/FY25-26/100,188717.792204,222686.99480072,188717.792204,222686.99480072,222687.5564,0.0,0.0,-0.56159928,,1055.386,1100 HA,1055.386,44.614,Fully Billed,,June,,Closed,,,,72,negative_amount_receivable
Yuji Itadori,WOCOMPANY_006,SDPLDEAL-076,One time Project,,Completed,,2025-04-01,Purchase Order,2025-04-05,2025-04-11,OWNER_003,Renewables,"Hydrology, Topography Survey: RGB",NONE,,,431620.0,509311.6,431620.0,509311.6,509311.6,0.0,0.0,0.0,,,222 HA,,222.0,,,,,,,,Billed,73,billing_status_typo_corrected
Winnie the Pooh,WOCOMPANY_042,SDPLDEAL-077,Proof of Concept,,Completed,,2025-04-18,Email Confirmation,2025-04-30,2025-04-30,OWNER_003,Mining,"Volumetric survey, Others",NONE,,,0.0,0.0,,0.0,,0.0,0.0,0.0,,,152 HA,,152.0,,,,,,,,Not Billable,74,
Alias_162,WOCOMPANY_052,SDPLDEAL-078,Proof of Concept,,Completed,,2025-06-06,Email Confirmation,2025-06-13,2025-06-13,OWNER_003,Mining,Volumetric survey,NONE,,,0.0,0.0,,0.0,,0.0,0.0,0.0,,,,,,,,,,,,,Not Billable,75,
Trunks,WOCOMPANY_015,SDPLDEAL-079,Proof of Concept,,Completed,,2025-07-01,Email Confirmation,2025-04-23,2025-04-23,OWNER_003,Railways,Road/rail survey,NONE,,,554940.0,654829.2,,0.0,,554940.0,654829.2,0.0,,,,,,,,,,,,,Not Billable,76,
Tuxedo Mask,WOCOMPANY_052,SDPLDEAL-080,Annual Rate Contract,Dec,Executed until current month,,2025-04-01,Purchase Order,2025-04-01,2028-03-31,OWNER_003,Mining,"Topography Survey: RGB, Volumetric survey",NONE,2025-07-03,SDPL/FY25-26/118,2959680.0,3492422.4,493282.4664,582073.310352,,2466397.5336,2910349.089648,582073.310352,Priority,,36 AU,3.0,33.0,Billed- Visit 3,,,,Open,,,,77,
Timon,WOCOMPANY_046,SDPLDEAL-081,Proof of Concept,,Completed,,2025-06-27,Purchase Order,2025-07-01,2025-08-17,OWNER_001,Renewables,"Topography Survey: RGB, Raw images/videography",SPECTRA,2025-11-03,,277470.0,327414.6,277470.0,327414.6,,0.0,0.0,327414.6,,,45days,,45.0,Fully Billed,,Dec,,Closed,,,,78,
Timon,WOCOMPANY_046,SDPLDEAL-082,Proof of Concept,,Pause / struck,,2025-06-19,Purchase Order,2025-07-01,2025-08-17,OWNER_001,Renewables,"Topography Survey: RGB, Raw images/videography, Others",SPECTRA,2025-11-03,,277470.0,327414.6,277470.0,327414.6,,0.0,0.0,327414.6,,,45 days,,45.0,Fully Billed,,,,Closed,,,,79,
Subaru,WOCOMPANY_019,SDPLDEAL-083,One time Project,,Completed,,2025-04-10,Purchase Order,2025-05-01,2025-06-25,OWNER_001,Mining,Topography Survey: RGB,NONE,2025-07-02,SDPL/FY25-26/114,143051.2,168800.416,130176.592,153608.37856,26035.3184,12874.608,15192.03744,127573.06016,,726.976,800,,800.0,Fully Billed,,July,,Closed,,,,80,
Tuxedo Mask,WOCOMPANY_041,SDPLDEAL-084,One time Project,,Completed,,2025-06-21,Purchase Order,2025-07-01,2025-07-10,OWNER_003,Renewables,Others,NONE,2025-07-04,SDPL/FY25-26/120,215810.0,254655.8,215810.0,254655.8,,0.0,0.0,254655.8,Priority,,1,1.0,0.0,Fully Billed,,,,Closed,,,,81,
Luffy,WOCOMPANY_032,SDPLDEAL-085,One time Project,,Completed,,2025-06-21,LOA/LOI,2025-06-01,2025-06-30,OWNER_003,Renewables,Thermography,NONE,,,,0.0,,0.0,,0.0,0.0,0.0,,,1,,1.0,,,,,Open,,,Update Required,82,invalid_amount_in_rupees_excl_of_gst_masked
Alias_162,WOCOMPANY_052,SDPLDEAL-086,Annual Rate Contract,,Completed,,2024-07-22,Purchase Order,2024-07-30,2025-07-30,OWNER_001,Mining,Volumetric survey,NONE,,,710616.20832,838527.1258176,710616.20832,838527.1258176,767463.522,0.0,0.0,71063.6038175999,Priority,,8 units,,8.0,Fully Billed,,,,Closed,,,,83,
Alias_162,WOCOMPANY_052,SDPLDEAL-087,Annual Rate Contract,Dec,Executed until current month,,2025-08-08,Purchase Order,2025-04-01,2026-03-31,OWNER_001,Mining,Volumetric survey,NONE,2025-12-09,SDPL/FY25-26/572,1065928.752,1257795.92736,838526.672,989461.47296,618232.7568,227402.08,268334.4544,371228.71616,,,12 months,,12.0,Fully Billed,,,,,,,,84,
Mojo Jojo,WOCOMPANY_036,SDPLDEAL-088,One time Project,,Completed,,2025-04-26,Purchase Order,2025-04-28,2025-08-15,OWNER_001,Mining,Topography Survey: RGB,SPECTRA,2025-09-03,SDPL/FY25-26/419,154150.0,181897.0,154150.0,181897.0,166482.0,0.0,0.0,15415.0,,,200 Acres,,200.0,Fully Billed,,September,,Closed,,,,85,
Obito,WOCOMPANY_023,SDPLDEAL-089,Annual Rate Contract,,Completed,,2025-07-09,LOA/LOI,2025-06-21,2026-06-20,OWNER_003,Mining,Others,NONE,,,0.0,0.0,,0.0,,0.0,0.0,0.0,,,1,,1.0,,,,,,,,Not Billable,86,
Mojo Jojo,WOCOMPANY_036,SDPLDEAL-090,One time Project,,Completed,,2025-04-15,Purchase Order,2025-05-12,2025-06-20,OWNER_001,Mining,Topography Survey: RGB,SPECTRA,2025-08-06,SDPL/FY25-26/387,223971.3176,264286.154768,223971.3176,264286.154768,264287.092,0.0,0.0,-0.937232,,609.44,660.43HA,660.43,0.0,Fully Billed,,August,,Closed,,,,87,negative_amount_receivable
Rafiki,WOCOMPANY_048,SDPLDEAL-091,Proof of Concept,,Completed,,2025-07-08,Email Confirmation,2025-06-11,2025-06-19,OWNER_003,Mining,Thermography,NONE,,,0.0,0.0,,0.0,,0.0,0.0,0.0,,,3 Rooftops,,3.0,,,,,,,,Not Billable,88,
Alias_160,WOCOMPANY_051,SDPLDEAL-092,One time Project,,Completed,,2025-04-10,Purchase Order,2025-05-01,2025-06-25,OWNER_001,Mining,Topography Survey: RGB,NONE,2025-08-06,SDPL/FY25-26/390,357628.0,422001.04,321686.386,379589.93548,347420.61862,35941.614,42411.10452,32169.31686,,2173.17,2000,,2000.0,Fully Billed,,August,,Closed,,,,89,
Obito,WOCOMPANY_023,SDPLDEAL-093,One time Project,,Completed,,2025-07-15,LOA/LOI,2025-07-21,2025-07-25,OWNER_003,Mining,Others,NONE,,,76458.4,90220.912,,0.0,,76458.4,90220.912,0.0,,,1,,1.0,,,,,,,,Update Required,90,
GG go,WOCOMPANY_035,SDPLDEAL-094,One time Project,,Completed,,2025-07-10,Purchase Order,2025-07-15,2025-07-31,OWNER_003,Renewables,Hydrology,NONE,,,749785.6,884747.008,,0.0,,749785.6,884747.008,0.0,,,1415 Acres,,1415.0,,,,,,,,Update Required,91,
Subaru,WOCOMPANY_019,SDPLDEAL-095,One time Project,,Completed,,2025-07-17,Purchase Order,2025-05-01,2025-05-30,OWNER_001,Mining,Topography Survey: RGB,NONE,2025-07-28,SDPL/FY25-26/373,155665.6028,183685.411304,155665.6028,183685.411304,3115.0632,0.0,0.0,180570.348104,,813.635,870.45 HA,,870.45,Fully Billed,,July,,Closed,,,,92,
Alphonse,WOCOMPANY_009,SDPLDEAL-096,One time Project,,Completed,,2025-07-16,Purchase Order,2025-07-14,2025-07-28,OWNER_001,Renewables,Topography Survey: RGB,NONE,2025-08-20,SDPL/FY25-26/413,986560.0,1164140.8,986560.0,1164140.8,,0.0,0.0,1164140.8,,,4 Sites,,4.0,Fully Billed,,September,,Closed,,,,93,
Alias_160,WOCOMPANY_051,SDPLDEAL-097,One time Project,,Completed,,2025-04-10,,2025-05-01,2025-05-31,OWNER_001,Mining,Topography Survey: RGB,SPECTRA,2025-07-25,SDPL/FY25-26/370,84190.564,99344.86552,79060.452,93291.33336,85383.906976,5130.112,6053.53216,7907.426384,,442.14,446 HA,,446.0,Fully Billed,,July,,Closed,,,,94,
Erwin,WOCOMPANY_021,SDPLDEAL-098,One time Project,,Completed,,2025-05-22,Purchase Order,2025-05-26,2025-06-25,OWNER_001,Mining,Topography Survey: RGB,SPECTRA,2025-08-20,SDPL/FY25-26/405,319811.922,377378.06796,319811.922,377378.06796,,0.0,0.0,377378.06796,,,960.5 HA,,960.5,Fully Billed,,August,,Closed,,,,95,
Goku,WOCOMPANY_003,SDPLDEAL-099,One time Project,,Ongoing,,2025-07-23,Purchase Order,2025-07-28,2025-09-30,OWNER_003,Railways,"LiDAR Survey: LiDAR, Road/rail survey",NONE,2025-09-01,SDPL/FY25-26/424,14391444.0,16981903.92,246640.0,291035.2,291035.2,14144804.0,16690868.72,0.0,,,778,,778.0,,,,,,,,Partially Billed,96,
Erwin,WOCOMPANY_021,SDPLDEAL-100,Annual Rate Contract,,Completed,,2025-05-28,Purchase Order,2025-07-01,2025-07-15,OWNER_001,Mining,Volumetric survey,SPECTRA,2025-08-20,SDPL/FY25-26/406,791874.716,934412.16488,594265.416144,701233.19104992,,197609.299856,233178.97383008,701233.19104992,,,2379.7 HA,,2379.7,Fully Billed,,Dec,,Open,,,,97,
Nami,WOCOMPANY_002,SDPLDEAL-102,One time Project,,Completed,,2025-08-02,Purchase Order,2025-08-04,2025-08-09,OWNER_003,Mining,Raw images/videography,NONE,,,64373.04,75960.1872,,0.0,,64373.04,75960.1872,0.0,,,1,,1.0,,,,,,,,Update Required,98,
Ben Tennyson,WOCOMPANY_033,SDPLDEAL-103,One time Project,,Completed,,2025-08-01,Purchase Order,2025-07-01,2025-07-31,OWNER_003,Renewables,"Hydrology, Topography Survey: RGB",NONE,,,487114.0,574794.52,,0.0,,487114.0,574794.52,0.0,,,1,,1.0,,,,,,,,Update Required,99,
Subaru,WOCOMPANY_019,SDPLDEAL-105,One time Project,,Completed,,2025-08-06,Purchase Order,2025-05-01,2025-05-29,OWNER_001,Mining,Topography Survey: RGB,SPECTRA,2025-08-06,2025-08-06,20563.61,24265.0598,20251.6104,23896.900272,23896.9496,311.9996,368.159528,-0.049328,,,115HA,,115.0,Fully Billed,,August,,Closed,,,,100,negative_amount_receivable
Yuji Itadori,WOCOMPANY_006,SDPLDEAL-106,One time Project,,Completed,,2025-08-08,Purchase Order,2025-08-08,2025-08-20,OWNER_003,Renewables,"Hydrology, Topography Survey: RGB",NONE,2025-09-12,SDPL/FY25-26/442,339130.0,400173.4,339130.0,400173.4,400173.4,0.0,0.0,0.0,,,1,,1.0,Fully Billed,,,,,,,,101,
Alphonse,WOCOMPANY_009,SDPLDEAL-108,One time Project,,Completed,,2025-08-18,Purchase Order,2025-08-14,2025-08-30,OWNER_001,Renewables,"Topography Survey: RGB, Hydrology",SPECTRA,2025-09-24,SDPL/FY25-26/476,477247.795732,563152.39896376,477247.795732,563152.39896376,563151.8788,0.0,0.0,0.52016376,,,537 Acres,,537.0,Fully Billed,,November,,Closed,,,,102,
Rafiki,WOCOMPANY_048,SDPLDEAL-109,Annual Rate Contract,,Ongoing,,2025-08-11,Purchase Order,2025-09-01,2027-08-31,OWNER_003,Renewables,"Topography Survey: RGB, Thermography",NONE,,,616600.0,727588.0,,0.0,,616600.0,727588.0,0.0,,,1,,1.0,,,,,,,,Update Required,103,
Alias_162,WOCOMPANY_052,SDPLDEAL-111,,,,,2024-11-22,,,,,Mining,Others,DMO,,,863240.0,1018623.2,739920.0,873105.6,864473.2,123320.0,145517.6,8632.4,,,,,,,,,,,,,,104,missing_owner_code|missing_execution_status
Ben Tennyson,WOCOMPANY_034,SDPLDEAL-112,,,Completed,,2024-05-16,,,,,Renewables,"Topography Survey: RGB, Hydrology",,,,215810.0,254655.8,215810.0,254655.8,254655.8,0.0,0.0,0.0,,,,,,,,,,,,,,105,missing_owner_code
Alphonse,WOCOMPANY_009,SDPLDEAL-113,,,,,2024-12-20,,,,OWNER_001,Renewables,"Topography Survey: RGB, Hydrology",,,,607351.0,716674.18,607351.0,716674.18,716674.18,0.0,0.0,0.0,,,,,,,,,,,,,,106,missing_execution_status
Yuji Itadori,WOCOMPANY_006,SDPLDEAL-115,,,Completed,,2025-03-24,,,,,Renewables,Hydrology,,,,616600.0,727588.0,616600.0,727588.0,727588.0,0.0,0.0,0.0,,,,,,Fully Billed,,,,,,,,107,missing_owner_code
Ace,WOCOMPANY_013,SDPLDEAL-116,,,Completed,,2025-03-05,,,,,Others,Topography Survey: RGB,,,,176347.6,208090.168,176347.6,208090.168,,0.0,0.0,208090.168,,,,,,Fully Billed,,,,,,,,108,missing_owner_code
Shanks,WOCOMPANY_012,SDPLDEAL-117,,,Completed,,2025-03-31,,,,,Renewables,Thermography,,,,221636.87,261531.5066,221636.87,261531.5066,,0.0,0.0,261531.5066,,,,,,Fully Billed,,,,,,,,109,missing_owner_code
Bulbasaur,WOCOMPANY_050,SDPLDEAL-118,,,Completed,,2025-03-25,,,,,Renewables,Topography Survey: RGB,,,,308300.0,363794.0,308300.0,363794.0,,0.0,0.0,363794.0,,,,,,Fully Billed,,,,,,,,110,missing_owner_code
Sesshomaru,WOCOMPANY_017,SDPLDEAL-119,,,Completed,,2024-12-03,,,,,Renewables,"Hydrology, Topography Survey: RGB",,2025-04-16,SDPL/FY25-26/002,446418.4,526773.712,446418.4,526773.712,526773.712,0.0,0.0,0.0,,,,,,Fully Billed,,,,Closed,,,,111,missing_owner_code
Mr. Krabs,WOCOMPANY_031,SDPLDEAL-120,,,Completed,,2025-01-21,,,,,Mining,Volumetric survey,,2025-06-20,SDPL/FY25-26/083,554940.0,654829.2,554940.0,654829.2,588236.4,0.0,0.0,66592.8,,,,,,Fully Billed,,,,Closed,,,,112,missing_owner_code
Pumbaa,WOCOMPANY_047,SDPLDEAL-121,Annual Rate Contract,,Ongoing,,2025-09-02,LOA/LOI,2025-09-02,2026-09-02,OWNER_004,Renewables,Thermography,SPECTRA,,,5224698.44,6165144.1592,2330748.0,2750282.64,,2893950.44,3414861.5192,2750282.64,,,Rate based on MW slabs,,,Partially Billed,,,,Open,,,Partially Billed,113,
Stitch,WOCOMPANY_044,SDPLDEAL-122,,,Completed,,2025-04-01,,,,,Renewables,Flood Risk,,2025-04-29,SDPL/FY25-26/009,431620.0,509311.6,431620.0,509311.6,509311.6,0.0,0.0,0.0,,,,,,Fully Billed,,,,Closed,,,,114,missing_owner_code
Sasuke,WOCOMPANY_002,SDPLDEAL-123,,,Completed,,2024-12-25,,,,,Mining,LiDAR Survey: LiDAR,,,,371193.2,438007.976,371193.2,438007.976,,0.0,0.0,438007.976,,,,,,Fully Billed,,,,Closed,,,,115,missing_owner_code
Alphonse,WOCOMPANY_009,SDPLDEAL-124,,,,,2025-07-24,,,,,Renewables,Others,,2025-07-31,SDPL/FY25-26/378,24664.0,29103.52,24664.0,29103.52,,0.0,0.0,29103.52,,,,,,Fully Billed,,,,Closed,,,,116,missing_owner_code|missing_execution_status
Timon,WOCOMPANY_046,SDPLDEAL-125,Proof of Concept,,Completed,,2025-09-08,Purchase Order,2025-09-11,2025-10-26,OWNER_001,Renewables,Others,SPECTRA,,,277470.0,327414.6,277470.0,327414.6,,0.0,0.0,327414.6,,,45days,,45.0,Fully Billed,,Dec,,,,,,117,
Gohan,WOCOMPANY_026,SDPLDEAL-126,One time Project,,Completed,,2025-09-10,Purchase Order,2025-08-01,2025-09-05,OWNER_001,Construction,Topography Survey: RGB,NONE,2025-09-15,SDPL/FY25-26/448,788298.436,930192.15448,788298.436,930192.15448,914425.1992,0.0,0.0,15766.9552799999,,,1,,1.0,Fully Billed,,October,,Closed,,,,118,
Kaguya,WOCOMPANY_014,SDPLDEAL-127,One time Project,,Completed,,2025-09-12,Purchase Order,2025-09-15,2025-10-31,OWNER_003,Railways,Others,NONE,,,5061052.8,5972042.304,,0.0,,5061052.8,5972042.304,0.0,,,304 RKM,,304.0,,,,,,,,,119,
Bugs Bunny,WOCOMPANY_028,SDPLDEAL-128,One time Project,,Ongoing,,2025-09-12,Purchase Order,2025-09-15,2025-10-31,OWNER_003,Railways,Others,NONE,,,8789158.71128,10371207.2793104,,0.0,,8789158.71128,10371207.2793104,0.0,,,580 RKM,,580.0,,,,,,,,,120,
Armin,WOCOMPANY_020,SDPLDEAL-129,Annual Rate Contract,,Completed,2025-09-20,2025-09-10,Purchase Order,2025-07-24,2025-12-31,OWNER_001,Mining,Topography Survey: RGB,SPECTRA,,,218478.6448,257804.800864,145653.49864,171871.1283952,,72825.14616,85933.6724688,171871.1283952,,,3 Quarter (Till Dec),,3.0,Fully Billed,,October,,Closed,,,,121,
Armin,WOCOMPANY_020,SDPLDEAL-130,Annual Rate Contract,,Completed,2025-09-20,2025-09-11,Purchase Order,2025-07-24,2025-12-31,OWNER_001,Mining,Topography Survey: RGB,SPECTRA,,,484453.9876,571655.705368,322971.035104,381105.82142272,,161482.952496,190549.88394528,381105.82142272,,,3 Quarter (till December 2025),,3.0,Fully Billed,,Dec,,Closed,,,,122,
Sakura,WOCOMPANY_002,SDPLDEAL-131,One time Project,,Pause / struck,,2025-09-17,Purchase Order,2025-09-15,2025-10-15,OWNER_003,Mining,LiDAR Survey: LiDAR,NONE,,,1224740.248,1445193.49264,,0.0,,1224740.248,1445193.49264,0.0,,,1,,1.0,,,,,,,,Stuck,123,
Sakura,WOCOMPANY_002,SDPLDEAL-132,One time Project,,Pause / struck,,2025-09-17,Purchase Order,2025-09-15,2025-10-15,OWNER_003,Mining,LiDAR Survey: LiDAR,NONE,,,1219634.8,1439169.064,,0.0,,1219634.8,1439169.064,0.0,,,1,,1.0,,,,,,,,Stuck,124,
Gojo,WOCOMPANY_005,SDPLDEAL-134,One time Project,,Completed,,2025-09-20,Purchase Order,2025-09-27,2025-10-15,OWNER_001,Mining,"Topography Survey: RGB, Mine survey",NONE,,SDPL/FY25-26/558,192009.24,226570.9032,58823.64,69411.8952,,133185.6,157159.008,69411.8952,,,865,,865.0,Partially Billed,,,,Open,,,,125,
Faye Valentine,WOCOMPANY_010,SDPLDEAL-133,One time Project,,Completed,,2024-07-19,Purchase Order,2025-09-11,2025-09-19,OWNER_003,Renewables,Solar Inspection,NONE,,,57487090.490128,67834766.778351,57487090.490128,67834766.778351,57487090.490128,0.0,0.0,10347676.288223,,,,,,Fully Billed,,,,,,,Billed,126,billing_status_typo_corrected
Alias_160,WOCOMPANY_051,SDPLDEAL-135,One time Project,,Completed,,2025-07-25,Purchase Order,2025-05-01,2025-05-27,OWNER_001,Mining,"Mine survey, Topography Survey: RGB",SPECTRA,2025-10-07,SDPL/FY25-26/484,89407.0,105500.26,89407.0,105500.26,104886.61968,0.0,0.0,613.64032,,,500,,500.0,Fully Billed,,October,,Closed,,,,127,
Scooby-Doo,WOCOMPANY_002,SDPLDEAL-136,One time Project,,Ongoing,,2025-09-27,Purchase Order,2025-09-29,2025-10-10,OWNER_003,Mining,Others,NONE,,,143051.2,168800.416,,0.0,,143051.2,168800.416,0.0,,,1,,1.0,,,,,,,,,128,
Scooby-Doo,WOCOMPANY_002,SDPLDEAL-137,One time Project,,Ongoing,,2025-09-27,Purchase Order,2025-09-29,2025-10-30,OWNER_003,Mining,Others,NONE,,,143051.2,168800.416,,0.0,,143051.2,168800.416,0.0,,,1,,1.0,,,,,,,,,129,
Alias_160,WOCOMPANY_051,SDPLDEAL-138,One time Project,,Pause / struck,,2025-09-19,Purchase Order,2025-10-06,2025-10-30,OWNER_001,Mining,Topography Survey: RGB,SPECTRA,,,261901.71324,309044.0216232,,0.0,,261901.71324,309044.0216232,0.0,,,1464.66 HA,,1464.66,Not billed yet,,,,,,,,130,
Scooby-Doo,WOCOMPANY_002,SDPLDEAL-139,One time Project,,Ongoing,,2025-10-03,Purchase Order,2025-09-20,2025-10-20,OWNER_003,Mining,LiDAR Survey: LiDAR,NONE,,,699730.012,825681.41416,,0.0,,699730.012,825681.41416,0.0,,,1,,1.0,,,,,,,,,131,
Trunks,WOCOMPANY_015,SDPLDEAL-140,One time Project,,Ongoing,,2025-10-08,Purchase Order,2025-09-29,2025-10-31,OWNER_003,Railways,LiDAR Survey: LiDAR,NONE,,,3237150.0,3819837.0,,0.0,,3237150.0,3819837.0,0.0,,,350 KM,,350.0,,,,,,,,,132,
Scooby-Doo,WOCOMPANY_002,SDPLDEAL-141,One time Project,,Not Started,,2025-10-09,Purchase Order,2025-09-30,2025-10-30,OWNER_003,Mining,LiDAR Survey: LiDAR,NONE,,,383192.236,452166.83848,,0.0,,383192.236,452166.83848,0.0,,,1,,1.0,,,,,,,,,133,
Inuyasha,WOCOMPANY_016,SDPLDEAL-142,One time Project,,Completed,2026-01-08,2025-10-14,Purchase Order,2025-10-17,2025-11-10,OWNER_003,Renewables,"Topography Survey: RGB, Hydrology, Flood Risk",NONE,,,419288.0,494759.84,,0.0,,419288.0,494759.84,0.0,,,1,,1.0,Stuck,,,,,,,,134,
Patrick Star,WOCOMPANY_030,SDPLDEAL-143,One time Project,,Completed,2025-11-05,2025-10-16,Purchase Order,2025-10-08,2025-10-16,OWNER_001,Others,Hydrology,NONE,,,246640.0,291035.2,246640.0,291035.2,,0.0,0.0,291035.2,,,10 ha,,10.0,Fully Billed,,Dec,,,,,,135,
Kaguya,WOCOMPANY_014,SDPLDEAL-144,One time Project,,Ongoing,,2025-10-27,Purchase Order,2025-11-03,2025-12-01,OWNER_003,Railways,"Road/rail survey, LiDAR Survey: LiDAR",NONE,,,4628199.6,5461275.528,,0.0,,4628199.6,5461275.528,0.0,,,278,,278.0,,,,,,,,,136,
Sakura,WOCOMPANY_002,SDPLDEAL-145,One time Project,,Not Started,,2025-10-27,Purchase Order,2025-10-27,2025-11-03,OWNER_003,Mining,Raw images/videography,NONE,,,64373.04,75960.1872,,0.0,,64373.04,75960.1872,0.0,,,1,,1.0,,,,,,,,,137,
Scooby-Doo,WOCOMPANY_002,SDPLDEAL-146,One time Project,,Ongoing,,2025-10-27,Purchase Order,2025-10-27,2025-11-03,OWNER_003,Mining,"LiDAR Survey: LiDAR, Mine survey",NONE,,,679308.22,801583.6996,,0.0,,679308.22,801583.6996,0.0,,,1,,1.0,,,,,,,,,138,
Katara,WOCOMPANY_037,SDPLDEAL-147,One time Project,,Partial Completed,2025-12-18,2025-10-28,Purchase Order,2025-11-03,2025-11-11,OWNER_003,Railways,"LiDAR Survey: LiDAR, Road/rail survey, Others",NONE,,,1850391.936,2183462.48448,,0.0,,1850391.936,2183462.48448,0.0,,,NA . Verbal confirmation for 59 km,,,,,,,,,,Stuck,139,
Sakura,WOCOMPANY_002,SDPLDEAL-149,Monthly Contract,,Ongoing,,2025-10-30,Purchase Order,2025-11-01,2026-04-01,OWNER_003,Renewables,Others,SPECTRA,,,6011850.0,7093983.0,,0.0,,6011850.0,7093983.0,0.0,,,"4,875,000.000",,4.0,,,,,,,,,140,
Dolphin,WOCOMPANY_029,SDPLDEAL-150,One time Project,,Ongoing,,2025-08-12,LOA/LOI,2025-08-20,2025-12-16,OWNER_002,Powerline,LiDAR Survey: LiDAR,NONE,,,5026523.2,5931297.376,,0.0,,5026523.2,5931297.376,0.0,,,1250 towers,,1250.0,,,,,,,,,141,
Yuji Itadori,WOCOMPANY_006,SDPLDEAL-151,One time Project,,Completed,2025-12-17,2025-11-06,Purchase Order,2025-11-10,2025-12-01,OWNER_003,Renewables,"Hydrology, Topography Survey: RGB",NONE,,SDPL/FY25-26/442,339130.0,400173.4,339130.0,400173.4,400173.4,0.0,0.0,0.0,,,1,,1.0,,,,,,,,Update Required,142,
Ben Tennyson,WOCOMPANY_033,SDPLDEAL-152,One time Project,,Completed,2026-01-09,2025-11-04,Email Confirmation,2025-11-07,2025-11-28,OWNER_003,Renewables,"Topography Survey: RGB, Hydrology",NONE,,,295968.0,349242.24,,0.0,,295968.0,349242.24,0.0,,,1,,1.0,,,,,,,,Update Required,143,
Megumi,WOCOMPANY_007,SDPLDEAL-153,One time Project,,Completed,,2025-04-01,Purchase Order,2025-04-01,2025-04-10,OWNER_003,Renewables,Others,NONE,2025-03-31,SDPL/FY24-25/577,365779.452,431619.75336,365779.452,431619.75336,431620.0,0.0,0.0,-0.24664,,,1,,1.0,Fully Billed,,,,Closed,,,,144,negative_amount_receivable
Donkey,WOCOMPANY_040,SDPLDEAL-154,One time Project,,Ongoing,,2025-11-10,Purchase Order,2025-11-13,2025-12-31,OWNER_003,Railways,"LiDAR Survey: LiDAR, Road/rail survey, Raw images/videography",NONE,,,1346654.4,1589052.192,,0.0,,1346654.4,1589052.192,0.0,,,104 km,,104.0,,,,,,,,,145,
Donkey,WOCOMPANY_040,SDPLDEAL-155,One time Project,,Ongoing,,2025-11-12,Purchase Order,2025-11-13,2026-01-31,OWNER_003,Railways,"LiDAR Survey: LiDAR, Road/rail survey",NONE,,,9089917.2,10726102.296,,0.0,,9089917.2,10726102.296,0.0,,,702,,702.0,,,,,,,,,146,
Golden fish,WOCOMPANY_027,SDPLDEAL-156,Proof of Concept,,Not Started,,2025-10-16,LOA/LOI,2025-12-01,2025-12-31,OWNER_006,Mining,"LiDAR Survey: LiDAR, Volumetric survey",SPECTRA,,,0.0,0.0,,0.0,,0.0,0.0,0.0,,,0,,0.0,,,,,Open,,,Not Billable,147,
Alphonse,WOCOMPANY_009,SDPLDEAL-157,One time Project,,,,2025-11-14,Purchase Order,2025-11-14,2025-11-14,OWNER_005,Renewables,Others,SPECTRA,2025-11-19,SDPL/FY25-26/549,277470.0,327414.6,277470.0,327414.6,321865.2,0.0,0.0,5549.4,,,3 subscriptions,,3.0,Partially Billed,,,,,,,,148,missing_execution_status
Alphonse,WOCOMPANY_009,SDPLDEAL-158,One time Project,,Completed,2025-11-01,2025-10-23,Purchase Order,2025-10-16,2025-10-31,OWNER_001,Renewables,"Hydrology, Topography Survey: RGB",NONE,2025-11-21,SDPL/FY25-26/554,477248.4,563153.112,477248.4,563153.112,515428.272,0.0,0.0,47724.84,,,220HA,,220.0,Fully Billed,,November,,Closed,,,,149,
Timon,WOCOMPANY_046,SDPLDEAL-159,One time Project,,Completed,2025-12-05,2025-11-08,Purchase Order,2025-11-03,2025-12-20,OWNER_001,Renewables,Others,SPECTRA,,,277470.0,327414.6,277470.0,327414.6,,0.0,0.0,327414.6,,,45days,,45.0,Fully Billed,,Dec,,,,,,150,
Timon,WOCOMPANY_046,SDPLDEAL-160,One time Project,,Completed,2025-12-04,2025-11-08,Purchase Order,2025-11-03,2025-12-20,OWNER_001,Renewables,"Powerline Inspection, Videography for construction monitoring, Others",SPECTRA,,,277470.0,327414.6,277470.0,327414.6,,0.0,0.0,327414.6,,,45 days,,45.0,Not billed yet,,,,,,,,151,
Scooby-Doo,WOCOMPANY_002,SDPLDEAL-161,One time Project,,Completed,2026-01-08,2025-11-21,Purchase Order,2025-11-20,2025-11-30,OWNER_003,Mining,LiDAR Survey: LiDAR,NONE,,,304452.416,359253.85088,,0.0,,304452.416,359253.85088,0.0,,,1,,1.0,,,,,,,,Update Required,152,
Whis,WOCOMPANY_025,SDPLDEAL-162,One time Project,,Partial Completed,2026-01-09,2025-12-01,Purchase Order,2025-12-01,2025-12-31,OWNER_003,Railways,LiDAR Survey: LiDAR,NONE,,,924900.0,1091382.0,,0.0,,924900.0,1091382.0,0.0,,,1,,1.0,,,,,,,,,153,
Rengoku,WOCOMPANY_002,SDPLDEAL-163,One time Project,,Not Started,,2025-12-01,Purchase Order,2025-12-01,2025-12-31,OWNER_003,Mining,"Topography Survey: RGB, LiDAR Survey: LiDAR",NONE,,,141818.0,167345.24,,0.0,,141818.0,167345.24,0.0,,,1,,1.0,,,,,,,,,154,
Alphonse,WOCOMPANY_009,SDPLDEAL-164,One time Project,,Completed,2025-11-28,2025-11-27,Purchase Order,2025-11-27,2025-12-23,OWNER_001,Renewables,Topography Survey: RGB,SPECTRA,2025-12-19,SDPL/FY25-26/894,511777.963004,603897.99634472,511778.012332,603898.05455176,552719.0068,-0.049328,-0.05820704,51179.04775176,,,497Acres,,497.0,Fully Billed,,November,,Closed,,,,155,
Alphonse,WOCOMPANY_009,SDPLDEAL-165,One time Project,,Completed,2025-12-19,2025-11-28,Purchase Order,2025-11-25,2025-12-25,OWNER_001,Renewables,"Topography Survey: RGB, Hydrology",SPECTRA,,,709081.3676,836716.013768,,0.0,,709081.3676,836716.013768,0.0,,,415Acers,,415.0,Fully Billed,,November,,,,,,156,
Alphonse,WOCOMPANY_009,SDPLDEAL-166,One time Project,,Completed,2025-11-07,2025-11-28,Purchase Order,2025-11-13,2025-12-03,OWNER_001,Renewables,"Topography Survey: RGB, Hydrology",SPECTRA,,SDPL/FY25-26/900,487112.7668,574793.064824,487116.022448,574796.90648864,,-3.255648,-3.84166464,574796.90648864,,,230Acres,,230.0,Fully Billed,,November,,,,,,157,
Obito,WOCOMPANY_023,SDPLDEAL-167,One time Project,,Completed,2026-01-06,2025-12-05,Purchase Order,2025-12-11,2025-12-31,OWNER_003,Mining,Mine survey,NONE,,,1.2332,1.455176,,0.0,,1.2332,1.455176,0.0,,,40 Acres,,40.0,,,,,,,,Update Required,158,
Stewie Griffin,WOCOMPANY_029,SDPLDEAL-168,One time Project,,Ongoing,,2025-12-17,Purchase Order,2025-12-22,2026-01-16,OWNER_002,Powerline,Thermography,NONE,,,608584.2,718129.356,,0.0,,608584.2,718129.356,0.0,,,105 Towers,,105.0,,,,,,,,,159,
Scooby-Doo,WOCOMPANY_002,SDPLDEAL-169,One time Project,,Not Started,,2025-12-13,Purchase Order,2025-12-13,2026-01-31,OWNER_003,Mining,LiDAR Survey: LiDAR,NONE,,,680726.4,803257.152,,0.0,,680726.4,803257.152,0.0,,,1,,1.0,,,,,,,,,160,
Sesshomaru,WOCOMPANY_017,SDPLDEAL-170,One time Project,,Completed,2026-01-06,2025-12-20,Purchase Order,2025-12-16,2026-01-31,OWNER_003,Renewables,Hydrology,NONE,,,308300.0,363794.0,,0.0,,308300.0,363794.0,0.0,,,1,,1.0,,,,,,,,Update Required,161,
Erwin,WOCOMPANY_021,SDPLDEAL-171,One time Project,,Ongoing,,2025-12-17,Purchase Order,2025-12-22,2025-12-31,OWNER_001,Mining,"Topography Survey: RGB, Raw images/videography",NONE,,,425454.0,502035.72,,0.0,,425454.0,502035.72,0.0,,,10.5 KM,,10.5,Not billed yet,,,,,,,,162,
Alias_160,WOCOMPANY_051,SDPLDEAL-172,One time Project,,Completed,2025-12-23,2025-12-12,Purchase Order,2025-12-20,2025-12-31,OWNER_001,Mining,Topography Survey: RGB,SPECTRA,,,53644.2,63300.156,,0.0,,53644.2,63300.156,0.0,,,300 HA,,300.0,Not billed yet,,,,,,,,163,
Alias_160,WOCOMPANY_051,SDPLDEAL-173,One time Project,,Completed,2025-12-23,2025-12-12,Purchase Order,2025-12-20,2025-12-31,OWNER_001,Mining,Topography Survey: RGB,SPECTRA,,,51852.3604,61185.785272,,0.0,,51852.3604,61185.785272,0.0,,,290,,290.0,Not billed yet,,,,,,,,164,
Octopus,WOCOMPANY_002,SDPLDEAL-174,One time Project,,Ongoing,,2025-12-20,Purchase Order,2025-12-20,2026-01-31,OWNER_003,Mining,Others,NONE,,,43162.0,50931.16,,0.0,,43162.0,50931.16,0.0,,,1,,1.0,,,,,,,,,165,
Ben Tennyson,WOCOMPANY_033,SDPLDEAL-175,One time Project,,Ongoing,,2025-12-22,Email Confirmation,2025-12-25,2026-01-15,OWNER_003,Renewables,"Hydrology, Topography Survey: RGB",NONE,,,289802.0,341966.36,,0.0,,289802.0,341966.36,0.0,,,1,,1.0,,,,,,,,,166,
Ben Tennyson,WOCOMPANY_033,SDPLDEAL-176,One time Project,,Ongoing,,2025-12-22,Email Confirmation,2025-12-25,2026-01-15,OWNER_003,Renewables,"Hydrology, Topography Survey: RGB",NONE,,,289802.0,341966.36,,0.0,,289802.0,341966.36,0.0,,,1,,1.0,,,,,,,,,167,
Alphonse,WOCOMPANY_009,SDPLDEAL-177,Monthly Contract,,Not Started,,2025-12-16,Purchase Order,2025-11-01,2026-03-31,OWNER_005,Renewables,Surveillance- needs continues monitoring,SPECTRA + DMO,,,462450.0,545691.0,184980.0,218276.4,213910.872,277470.0,327414.6,4365.528,,,5,,5.0,,,,,,,,,168,
Whale,WOCOMPANY_004,SDPLDEAL-178,Proof of Concept,,Completed,,,,,,OWNER_002,Powerline,"Thermography, LiDAR Survey: LiDAR, Powerline Inspection",SPECTRA,,,0.0,0.0,,0.0,,0.0,0.0,0.0,,,2 towers,,2.0,,,,,,,,,169,
Squirtle,WOCOMPANY_049,SDPLDEAL-179,Proof of Concept,,Ongoing,,2025-12-24,Purchase Order,2025-12-24,2025-12-31,OWNER_002,Powerline,Powerline Inspection,SPECTRA,,,55494.0,65482.92,,0.0,,55494.0,65482.92,0.0,,,L/s,,,,,,,,,,,170,
Ben Tennyson,WOCOMPANY_033,SDPLDEAL-180,One time Project,,Ongoing,,2025-12-29,Email Confirmation,2025-12-31,2026-01-31,OWNER_003,Renewables,"Topography Survey: RGB, Hydrology",NONE,,,295968.0,349242.24,,0.0,,295968.0,349242.24,0.0,,,1,,1.0,,,,,,,,,171,
Turtle,WOCOMPANY_024,SDPLDEAL-181,Proof of Concept,,Details pending from Client,,2026-01-01,Purchase Order,2026-01-12,2026-02-12,OWNER_004,Mining,Mine survey,SPECTRA,,,184980.0,218276.4,,0.0,,184980.0,218276.4,0.0,,,150000,,150000.0,,,,,Open,,,,172,
Bugs Bunny,WOCOMPANY_028,SDPLDEAL-182,One time Project,,Not Started,,2026-01-12,Email Confirmation,2026-01-09,2026-03-31,OWNER_003,Railways,LiDAR Survey: LiDAR,NONE,,,8986062.0288,10603553.193984,,0.0,,8986062.0288,10603553.193984,0.0,,,593,,593.0,,,,,,,,,173,
Bulbasaur,WOCOMPANY_050,SDPLDEAL-185,One time Project,,Not Started,,2026-01-09,Email Confirmation,2026-01-12,2026-01-16,OWNER_004,Others,Others,SPECTRA,,,139072.8968,164106.018224,164106.018224,193645.10150432,69560.569792,-25033.121424,-29539.08328032,124084.53171232,Priority,,7000 images,,7000.0,,,,,,,,,174,
Timon,WOCOMPANY_046,SDPLDEAL-186,One time Project,,Ongoing,,2026-01-06,Purchase Order,2026-01-13,2026-01-30,OWNER_001,Renewables,Others,NONE,,,209027.4,246652.332,,0.0,,209027.4,246652.332,0.0,,,1,,1.0,Not billed yet,,,,,,,,175,
Ben Tennyson,WOCOMPANY_033,SDPLDEAL-187,One time Project,,Not Started,,2026-01-09,Purchase Order,2026-01-19,2026-06-30,OWNER_003,Renewables,Others,NONE,,,610434.0,720312.12,,0.0,,610434.0,720312.12,0.0,,,6,,6.0,,,,,,,,,176,
Ben Tennyson,WOCOMPANY_033,SDPLDEAL-188,One time Project,,Not Started,,2026-01-09,Purchase Order,2026-01-19,2026-02-28,OWNER_003,Renewables,Others,NONE,,,215810.0,254655.8,,0.0,,215810.0,254655.8,0.0,,,2,,2.0,,,,,,,,,177,
,WOCOMPANY_045,SDPLDEAL-189,Proof of Concept,,Ongoing,,2026-01-09,Purchase Order,2026-01-17,2026-03-31,OWNER_003,Railways,Others,NONE,,,1035854.087,1222307.82266,,0.0,,1035854.087,1222307.82266,0.0,,,30,,30.0,,,,,,,,,178,missing_deal_name_masked
